GROUP,PACKAGE,CLASS,INSTRUCTION_MISSED,INSTRUCTION_COVERED,BRANCH_MISSED,BRANCH_COVERED,LINE_MISSED,LINE_COVERED,COMPLEXITY_MISSED,COMPLEXITY_COVERED,METHOD_MISSED,METHOD_COVERED
Dependency-Check Build-Reporting/dependency-check-utils,org.owasp.dependencycheck.utils.search,FileContentSearch,180,0,32,0,18,0,19,0,3,0
Dependency-Check Build-Reporting/dependency-check-utils,org.owasp.dependencycheck.utils,DownloadFailedException,16,0,0,0,8,0,4,0,4,0
Dependency-Check Build-Reporting/dependency-check-utils,org.owasp.dependencycheck.utils,Downloader,619,212,55,21,92,59,37,10,1,8
Dependency-Check Build-Reporting/dependency-check-utils,org.owasp.dependencycheck.utils,InvalidSettingException,16,0,0,0,8,0,4,0,4,0
Dependency-Check Build-Reporting/dependency-check-utils,org.owasp.dependencycheck.utils,SSLSocketFactoryEx,173,145,5,11,36,35,14,10,11,5
Dependency-Check Build-Reporting/dependency-check-utils,org.owasp.dependencycheck.utils,URLConnectionFactory,190,92,40,4,40,30,22,6,1,5
Dependency-Check Build-Reporting/dependency-check-utils,org.owasp.dependencycheck.utils,FileUtils,43,66,8,8,11,16,9,7,2,6
Dependency-Check Build-Reporting/dependency-check-utils,org.owasp.dependencycheck.utils,URLConnectionFactory.new Authenticator() {...},58,0,6,0,10,0,5,0,2,0
Dependency-Check Build-Reporting/dependency-check-utils,org.owasp.dependencycheck.utils,URLConnectionFailureException,16,0,0,0,8,0,4,0,4,0
Dependency-Check Build-Reporting/dependency-check-utils,org.owasp.dependencycheck.utils,Settings,496,436,74,48,72,105,60,37,11,25
Dependency-Check Build-Reporting/dependency-check-utils,org.owasp.dependencycheck.utils,Checksum,90,180,14,10,9,40,11,14,1,12
Dependency-Check Build-Reporting/dependency-check-utils,org.owasp.dependencycheck.utils,XmlUtils,88,94,18,6,14,25,14,6,2,4
Dependency-Check Build-Reporting/dependency-check-utils,org.owasp.dependencycheck.utils,ExpectedObjectInputStream,32,0,2,0,7,0,3,0,2,0
Dependency-Check Build-Reporting/dependency-check-utils,org.owasp.dependencycheck.utils,ExtractionException,16,0,0,0,8,0,4,0,4,0
Dependency-Check Build-Reporting/dependency-check-utils,org.owasp.dependencycheck.utils,Settings.KEYS,3,0,0,0,2,0,1,0,1,0
Dependency-Check Build-Reporting/dependency-check-core,org.owasp.dependencycheck,Engine,383,1012,48,96,95,253,51,71,13,37
Dependency-Check Build-Reporting/dependency-check-core,org.owasp.dependencycheck,Engine.Mode,9,103,0,0,0,10,2,4,2,4
Dependency-Check Build-Reporting/dependency-check-core,org.owasp.dependencycheck,AnalysisTask,52,57,0,4,8,16,0,6,0,4
Dependency-Check Build-Reporting/dependency-check-core,org.owasp.dependencycheck.analyzer,NuspecAnalyzer,42,149,9,7,3,33,7,9,0,8
Dependency-Check Build-Reporting/dependency-check-core,org.owasp.dependencycheck.analyzer,AbstractSuppressionAnalyzer,312,167,39,15,56,46,27,10,3,7
Dependency-Check Build-Reporting/dependency-check-core,org.owasp.dependencycheck.analyzer,OpenSSLAnalyzer,25,177,8,6,3,31,7,10,0,10
Dependency-Check Build-Reporting/dependency-check-core,org.owasp.dependencycheck.analyzer,PythonPackageAnalyzer,263,60,20,0,56,13,19,4,9,4
Dependency-Check Build-Reporting/dependency-check-core,org.owasp.dependencycheck.analyzer,RubyGemspecAnalyzer,354,24,42,0,75,6,29,3,8,3
Dependency-Check Build-Reporting/dependency-check-core,org.owasp.dependencycheck.analyzer,AbstractNpmAnalyzer,203,426,36,26,44,75,26,15,2,8
Dependency-Check Build-Reporting/dependency-check-core,org.owasp.dependencycheck.analyzer,NodePackageAnalyzer,281,273,35,25,37,63,28,11,0,9
Dependency-Check Build-Reporting/dependency-check-core,org.owasp.dependencycheck.analyzer,MSBuildProjectAnalyzer,247,27,18,0,41,6,14,3,5,3
Dependency-Check Build-Reporting/dependency-check-core,org.owasp.dependencycheck.analyzer,DependencyMergingAnalyzer,231,99,60,16,44,22,39,11,1,11
Dependency-Check Build-Reporting/dependency-check-core,org.owasp.dependencycheck.analyzer,AbstractFileTypeAnalyzer,6,62,1,7,1,21,1,10,0,7
Dependency-Check Build-Reporting/dependency-check-core,org.owasp.dependencycheck.analyzer,CMakeAnalyzer,226,34,10,0,57,6,11,3,6,3
Dependency-Check Build-Reporting/dependency-check-core,org.owasp.dependencycheck.analyzer,AssemblyAnalyzer,498,197,67,13,106,44,42,9,2,9
Dependency-Check Build-Reporting/dependency-check-core,org.owasp.dependencycheck.analyzer,VulnerabilitySuppressionAnalyzer,0,12,0,0,0,5,0,5,0,5
Dependency-Check Build-Reporting/dependency-check-core,org.owasp.dependencycheck.analyzer,ComposerLockAnalyzer,201,19,10,0,32,4,10,3,5,3
Dependency-Check Build-Reporting/dependency-check-core,org.owasp.dependencycheck.analyzer,AnalyzerService,10,85,3,9,4,24,4,7,1,4
Dependency-Check Build-Reporting/dependency-check-core,org.owasp.dependencycheck.analyzer,AbstractAnalyzer,17,65,0,6,4,25,0,15,0,12
Dependency-Check Build-Reporting/dependency-check-core,org.owasp.dependencycheck.analyzer,CocoaPodsAnalyzer,366,31,30,0,82,6,24,3,9,3
Dependency-Check Build-Reporting/dependency-check-core,org.owasp.dependencycheck.analyzer,NugetconfAnalyzer,245,21,14,0,40,5,12,3,5,3
Dependency-Check Build-Reporting/dependency-check-core,org.owasp.dependencycheck.analyzer,AnalysisPhase,5,123,0,0,0,12,1,3,1,3
Dependency-Check Build-Reporting/dependency-check-core,org.owasp.dependencycheck.analyzer,CPEAnalyzer,277,1044,37,127,64,224,30,72,1,19
Dependency-Check Build-Reporting/dependency-check-core,org.owasp.dependencycheck.analyzer,AutoconfAnalyzer,226,66,34,0,51,9,25,3,8,3
Dependency-Check Build-Reporting/dependency-check-core,org.owasp.dependencycheck.analyzer,RetireJsAnalyzer,235,354,39,31,36,79,29,19,0,10
Dependency-Check Build-Reporting/dependency-check-core,org.owasp.dependencycheck.analyzer,VersionFilterAnalyzer,0,249,3,67,0,35,3,38,0,6
Dependency-Check Build-Reporting/dependency-check-core,org.owasp.dependencycheck.analyzer,ArchiveAnalyzer,588,812,85,87,91,167,65,42,0,21
Dependency-Check Build-Reporting/dependency-check-core,org.owasp.dependencycheck.analyzer,NexusAnalyzer,262,56,41,1,58,18,24,9,3,9
Dependency-Check Build-Reporting/dependency-check-core,org.owasp.dependencycheck.analyzer,CentralAnalyzer,169,238,26,20,41,66,18,18,1,12
Dependency-Check Build-Reporting/dependency-check-core,org.owasp.dependencycheck.analyzer,FileNameAnalyzer,0,145,2,8,0,20,2,9,0,6
Dependency-Check Build-Reporting/dependency-check-core,org.owasp.dependencycheck.analyzer,JarAnalyzer,682,2508,174,310,82,448,146,125,1,28
Dependency-Check Build-Reporting/dependency-check-core,org.owasp.dependencycheck.analyzer,ArtifactoryAnalyzer,233,40,32,0,53,12,20,8,4,8
Dependency-Check Build-Reporting/dependency-check-core,org.owasp.dependencycheck.analyzer,NspAnalyzer,97,217,9,13,17,47,7,12,0,8
Dependency-Check Build-Reporting/dependency-check-core,org.owasp.dependencycheck.analyzer,RubyBundleAuditAnalyzer,839,130,101,5,181,34,60,8,7,8
Dependency-Check Build-Reporting/dependency-check-core,org.owasp.dependencycheck.analyzer,AbstractDependencyComparingAnalyzer,3,84,0,14,1,21,1,11,1,4
Dependency-Check Build-Reporting/dependency-check-core,org.owasp.dependencycheck.analyzer,FalsePositiveAnalyzer,474,744,122,130,56,141,84,58,0,16
Dependency-Check Build-Reporting/dependency-check-core,org.owasp.dependencycheck.analyzer,CPEAnalyzer.IdentifierMatch,123,46,20,0,22,9,16,5,6,5
Dependency-Check Build-Reporting/dependency-check-core,org.owasp.dependencycheck.analyzer,RubyBundlerAnalyzer,138,3,30,0,29,1,18,1,3,1
Dependency-Check Build-Reporting/dependency-check-core,org.owasp.dependencycheck.analyzer,RubyGemspecAnalyzer.new FilenameFilter() {...},10,0,0,0,2,0,2,0,2,0
Dependency-Check Build-Reporting/dependency-check-core,org.owasp.dependencycheck.analyzer,SwiftPackageManagerAnalyzer,155,22,20,0,38,5,17,3,7,3
Dependency-Check Build-Reporting/dependency-check-core,org.owasp.dependencycheck.analyzer,HintAnalyzer,301,331,44,44,65,72,26,28,1,9
Dependency-Check Build-Reporting/dependency-check-core,org.owasp.dependencycheck.analyzer,NvdCveAnalyzer,12,69,1,7,4,20,1,8,0,5
Dependency-Check Build-Reporting/dependency-check-core,org.owasp.dependencycheck.analyzer,CpeSuppressionAnalyzer,4,8,0,0,2,3,2,3,2,3
Dependency-Check Build-Reporting/dependency-check-core,org.owasp.dependencycheck.analyzer,PythonDistributionAnalyzer,458,91,64,0,99,13,44,3,12,3
Dependency-Check Build-Reporting/dependency-check-core,org.owasp.dependencycheck.analyzer,RubyBundlerAnalyzer.new FilenameFilter() {...},14,0,0,0,2,0,2,0,2,0
Dependency-Check Build-Reporting/dependency-check-core,org.owasp.dependencycheck.analyzer,CPEAnalyzer.IdentifierConfidence,9,39,0,0,0,4,2,2,2,2
Dependency-Check Build-Reporting/dependency-check-core,org.owasp.dependencycheck.analyzer,JarAnalyzer.ClassNameInformation,7,71,0,8,3,17,2,6,2,2
Dependency-Check Build-Reporting/dependency-check-core,org.owasp.dependencycheck.analyzer,DependencyBundlingAnalyzer,414,582,140,118,96,103,105,46,5,17
Dependency-Check Build-Reporting/dependency-check-core,org.owasp.dependencycheck.data.nuget,MSBuildProjectParseException,12,0,0,0,6,0,3,0,3,0
Dependency-Check Build-Reporting/dependency-check-core,org.owasp.dependencycheck.data.nuget,XPathMSBuildProjectParser,82,0,8,0,21,0,6,0,2,0
Dependency-Check Build-Reporting/dependency-check-core,org.owasp.dependencycheck.data.nuget,XPathNugetconfParser,82,0,8,0,21,0,6,0,2,0
Dependency-Check Build-Reporting/dependency-check-core,org.owasp.dependencycheck.data.nuget,NugetconfParseException,12,0,0,0,6,0,3,0,3,0
Dependency-Check Build-Reporting/dependency-check-core,org.owasp.dependencycheck.data.nuget,NugetPackageReference,65,17,14,0,10,7,9,5,2,5
Dependency-Check Build-Reporting/dependency-check-core,org.owasp.dependencycheck.data.nuget,NugetPackage,116,31,24,0,13,13,14,9,2,9
Dependency-Check Build-Reporting/dependency-check-core,org.owasp.dependencycheck.data.nuget,XPathNuspecParser,12,97,4,6,3,16,4,4,0,3
Dependency-Check Build-Reporting/dependency-check-core,org.owasp.dependencycheck.data.nuget,NuspecParseException,12,0,0,0,6,0,3,0,3,0
Dependency-Check Build-Reporting/dependency-check-core,org.owasp.dependencycheck.exception,ScanAgentException,16,0,0,0,8,0,4,0,4,0
Dependency-Check Build-Reporting/dependency-check-core,org.owasp.dependencycheck.exception,InitializationException,35,11,0,0,11,4,5,2,5,2
Dependency-Check Build-Reporting/dependency-check-core,org.owasp.dependencycheck.exception,DependencyNotFoundException,16,0,0,0,8,0,4,0,4,0
Dependency-Check Build-Reporting/dependency-check-core,org.owasp.dependencycheck.exception,H2DBLockException,16,0,0,0,8,0,4,0,4,0
Dependency-Check Build-Reporting/dependency-check-core,org.owasp.dependencycheck.exception,NoDataException,16,0,0,0,8,0,4,0,4,0
Dependency-Check Build-Reporting/dependency-check-core,org.owasp.dependencycheck.exception,ReportException,16,0,0,0,8,0,4,0,4,0
Dependency-Check Build-Reporting/dependency-check-core,org.owasp.dependencycheck.exception,ExceptionCollection,159,51,6,4,47,13,16,4,12,3
Dependency-Check Build-Reporting/dependency-check-core,org.owasp.dependencycheck.data.nvdcve,DriverShim,112,22,14,0,25,5,16,3,9,3
Dependency-Check Build-Reporting/dependency-check-core,org.owasp.dependencycheck.data.nvdcve,DatabaseProperties,16,127,3,9,4,29,3,12,0,9
Dependency-Check Build-Reporting/dependency-check-core,org.owasp.dependencycheck.data.nvdcve,DriverLoader,169,33,10,0,32,11,7,4,2,4
Dependency-Check Build-Reporting/dependency-check-core,org.owasp.dependencycheck.data.nvdcve,CveDB,495,1437,36,144,115,365,34,89,2,31
Dependency-Check Build-Reporting/dependency-check-core,org.owasp.dependencycheck.data.nvdcve,CorruptDatabaseException,9,0,0,0,4,0,2,0,2,0
Dependency-Check Build-Reporting/dependency-check-core,org.owasp.dependencycheck.data.nvdcve,CveDB.PreparedStatementCveDb,5,233,0,0,0,23,1,3,1,3
Dependency-Check Build-Reporting/dependency-check-core,org.owasp.dependencycheck.data.nvdcve,DriverLoadException,13,0,0,0,6,0,3,0,3,0
Dependency-Check Build-Reporting/dependency-check-core,org.owasp.dependencycheck.data.nvdcve,DatabaseException,13,0,0,0,6,0,3,0,3,0
Dependency-Check Build-Reporting/dependency-check-core,org.owasp.dependencycheck.data.nvdcve,DriverLoader.new PrivilegedAction() {...},23,0,0,0,2,0,2,0,2,0
Dependency-Check Build-Reporting/dependency-check-core,org.owasp.dependencycheck.data.nvdcve,ConnectionFactory,408,377,41,25,69,113,31,15,1,12
Dependency-Check Build-Reporting/dependency-check-core,org.owasp.dependencycheck.xml.suppression,SuppressionErrorHandler,17,7,0,0,4,2,3,2,3,2
Dependency-Check Build-Reporting/dependency-check-core,org.owasp.dependencycheck.xml.suppression,SuppressionParseException,16,0,0,0,8,0,4,0,4,0
Dependency-Check Build-Reporting/dependency-check-core,org.owasp.dependencycheck.xml.suppression,PropertyType,116,58,22,6,18,20,15,10,3,8
Dependency-Check Build-Reporting/dependency-check-core,org.owasp.dependencycheck.xml.suppression,SuppressionParser,197,117,32,10,12,20,21,4,0,4
Dependency-Check Build-Reporting/dependency-check-core,org.owasp.dependencycheck.xml.suppression,SuppressionHandler,52,216,25,33,8,45,22,22,0,7
Dependency-Check Build-Reporting/dependency-check-core,org.owasp.dependencycheck.xml.suppression,SuppressionRule,344,381,56,70,78,97,53,47,19,18
Dependency-Check Build-Reporting/dependency-check-core,org.owasp.dependencycheck.data.cpe,IndexEntry,109,70,25,7,19,16,20,9,5,8
Dependency-Check Build-Reporting/dependency-check-core,org.owasp.dependencycheck.data.cpe,CpeMemoryIndex,111,287,25,15,13,68,21,12,2,11
Dependency-Check Build-Reporting/dependency-check-core,org.owasp.dependencycheck.data.cpe,IndexException,16,0,0,0,8,0,4,0,4,0
Dependency-Check Build-Reporting/dependency-check-core,org.owasp.dependencycheck.data.cpe,Fields,3,0,0,0,2,0,1,0,1,0
Dependency-Check Build-Reporting/dependency-check-core,org.owasp.dependencycheck.xml.pom,PomParseException,16,0,0,0,8,0,4,0,4,0
Dependency-Check Build-Reporting/dependency-check-core,org.owasp.dependencycheck.xml.pom,PomHandler,0,312,20,64,0,52,20,38,0,5
Dependency-Check Build-Reporting/dependency-check-core,org.owasp.dependencycheck.xml.pom,Model,12,187,1,5,2,56,1,29,0,27
Dependency-Check Build-Reporting/dependency-check-core,org.owasp.dependencycheck.xml.pom,PomParser,71,77,7,3,8,17,5,4,0,4
Dependency-Check Build-Reporting/dependency-check-core,org.owasp.dependencycheck.xml.pom,License,102,17,20,0,17,8,14,5,4,5
Dependency-Check Build-Reporting/dependency-check-core,org.owasp.dependencycheck.xml.pom,PomUtils,163,25,7,1,43,8,6,3,2,3
Dependency-Check Build-Reporting/dependency-check-core,org.owasp.dependencycheck.xml.pom,PomProjectInputStream,2,154,2,14,2,31,2,11,0,5
Dependency-Check Build-Reporting/dependency-check-core,org.owasp.dependencycheck.xml.pom,Model.PropertyLookup,11,0,0,0,4,0,2,0,2,0
Dependency-Check Build-Reporting/dependency-check-core,org.owasp.dependencycheck.data.update.nvd,NvdCve20Handler.Element,3,82,0,0,1,18,1,17,1,17
Dependency-Check Build-Reporting/dependency-check-core,org.owasp.dependencycheck.data.update.nvd,DownloadTask,165,223,37,17,23,41,28,8,1,8
Dependency-Check Build-Reporting/dependency-check-core,org.owasp.dependencycheck.data.update.nvd,NvdCve12Handler.Element,8,27,0,0,2,7,2,6,2,6
Dependency-Check Build-Reporting/dependency-check-core,org.owasp.dependencycheck.data.update.nvd,NvdCve12Handler,15,236,4,30,1,50,4,17,0,4
Dependency-Check Build-Reporting/dependency-check-core,org.owasp.dependencycheck.data.update.nvd,NvdCveInfo,0,41,0,0,0,17,0,11,0,11
Dependency-Check Build-Reporting/dependency-check-core,org.owasp.dependencycheck.data.update.nvd,NvdCve20Handler.AttributeValues,3,0,0,0,1,0,1,0,1,0
Dependency-Check Build-Reporting/dependency-check-core,org.owasp.dependencycheck.data.update.nvd,ProcessTask,32,106,0,0,6,31,1,6,1,6
Dependency-Check Build-Reporting/dependency-check-core,org.owasp.dependencycheck.data.update.nvd,UpdateableNvdCve,21,90,1,3,5,23,4,10,3,9
Dependency-Check Build-Reporting/dependency-check-core,org.owasp.dependencycheck.data.update.nvd,NvdCve20Handler,37,501,6,80,9,111,8,45,2,8
Dependency-Check Build-Reporting/dependency-check-core,org.owasp.dependencycheck.utils,DependencyVersionUtil,17,105,5,21,4,32,5,13,1,4
Dependency-Check Build-Reporting/dependency-check-core,org.owasp.dependencycheck.utils,ExtractionUtil,845,84,118,10,108,13,71,2,7,2
Dependency-Check Build-Reporting/dependency-check-core,org.owasp.dependencycheck.utils,Filter.FilterIterator,8,52,2,8,2,17,3,7,1,4
Dependency-Check Build-Reporting/dependency-check-core,org.owasp.dependencycheck.utils,DateUtil,3,21,0,2,2,2,1,2,1,1
Dependency-Check Build-Reporting/dependency-check-core,org.owasp.dependencycheck.utils,UrlStringUtils,14,174,3,15,3,27,3,11,1,4
Dependency-Check Build-Reporting/dependency-check-core,org.owasp.dependencycheck.utils,H2DBLock,264,286,49,25,40,67,39,8,2,8
Dependency-Check Build-Reporting/dependency-check-core,org.owasp.dependencycheck.utils,H2DBCleanupHook,15,20,2,0,6,8,2,4,1,4
Dependency-Check Build-Reporting/dependency-check-core,org.owasp.dependencycheck.utils,Filter.new Iterable() {...},0,16,0,0,0,2,0,2,0,2
Dependency-Check Build-Reporting/dependency-check-core,org.owasp.dependencycheck.utils,DBUtils,31,41,3,7,9,17,4,6,1,4
Dependency-Check Build-Reporting/dependency-check-core,org.owasp.dependencycheck.utils,H2DBShutdownHookFactory,12,16,0,0,5,4,1,2,1,2
Dependency-Check Build-Reporting/dependency-check-core,org.owasp.dependencycheck.utils,DependencyVersion,37,331,12,58,12,78,12,34,2,9
Dependency-Check Build-Reporting/dependency-check-core,org.owasp.dependencycheck.utils,FileFilterBuilder,9,132,3,13,1,24,2,13,0,7
Dependency-Check Build-Reporting/dependency-check-core,org.owasp.dependencycheck.utils,H2DBShutdownHook,0,3,0,0,0,1,0,1,0,1
Dependency-Check Build-Reporting/dependency-check-core,org.owasp.dependencycheck.utils,Filter,0,16,0,0,0,4,0,3,0,3
Dependency-Check Build-Reporting/dependency-check-core,org.owasp.dependencycheck.utils,Pair,67,49,18,2,14,12,14,4,4,4
Dependency-Check Build-Reporting/dependency-check-core,org.owasp.dependencycheck.data.update.exception,InvalidDataException,9,0,0,0,4,0,2,0,2,0
Dependency-Check Build-Reporting/dependency-check-core,org.owasp.dependencycheck.data.update.exception,UpdateException,16,0,0,0,8,0,4,0,4,0
Dependency-Check Build-Reporting/dependency-check-core,org.owasp.dependencycheck.data.central,CentralSearch,73,274,6,18,13,61,6,10,0,4
Dependency-Check Build-Reporting/dependency-check-core,org.owasp.dependencycheck.data.artifactory,ArtifactorySearch,499,0,36,0,89,0,26,0,8,0
Dependency-Check Build-Reporting/dependency-check-core,org.owasp.dependencycheck.agent,DependencyCheckScanAgent,857,0,46,0,241,0,103,0,80,0
Dependency-Check Build-Reporting/dependency-check-core,org.owasp.dependencycheck.data.nsp,SanitizePackage,8,79,1,5,3,8,2,4,1,2
Dependency-Check Build-Reporting/dependency-check-core,org.owasp.dependencycheck.data.nsp,NspSearch,153,282,27,14,12,57,19,5,0,3
Dependency-Check Build-Reporting/dependency-check-core,org.owasp.dependencycheck.data.nsp,Advisory,35,93,3,1,10,40,9,24,7,24
Dependency-Check Build-Reporting/dependency-check-core,org.owasp.dependencycheck.dependency,Vulnerability,91,284,13,13,21,91,14,46,4,43
Dependency-Check Build-Reporting/dependency-check-core,org.owasp.dependencycheck.dependency,Reference,86,84,25,3,11,16,16,9,2,9
Dependency-Check Build-Reporting/dependency-check-core,org.owasp.dependencycheck.dependency,EvidenceCollection.new Object() {...},6,45,0,0,0,2,0,1,0,1
Dependency-Check Build-Reporting/dependency-check-core,org.owasp.dependencycheck.dependency,EvidenceCollection.new Filter() {...},0,11,0,2,0,2,0,3,0,2
Dependency-Check Build-Reporting/dependency-check-core,org.owasp.dependencycheck.dependency,EvidenceCollection.new Filter() {...},0,11,0,2,0,2,0,3,0,2
Dependency-Check Build-Reporting/dependency-check-core,org.owasp.dependencycheck.dependency,EvidenceCollection.new Filter() {...},0,11,0,2,0,2,0,3,0,2
Dependency-Check Build-Reporting/dependency-check-core,org.owasp.dependencycheck.dependency,EvidenceCollection.new Filter() {...},0,11,0,2,0,2,0,3,0,2
Dependency-Check Build-Reporting/dependency-check-core,org.owasp.dependencycheck.dependency,EvidenceType,5,43,0,0,0,4,1,3,1,3
Dependency-Check Build-Reporting/dependency-check-core,org.owasp.dependencycheck.dependency,Evidence,102,112,24,6,30,16,22,8,7,8
Dependency-Check Build-Reporting/dependency-check-core,org.owasp.dependencycheck.dependency,EvidenceCollection,139,325,28,28,33,67,25,27,2,15
Dependency-Check Build-Reporting/dependency-check-core,org.owasp.dependencycheck.dependency,Dependency.new Dependency.HashingFunction() {...},3,3,0,0,1,1,1,1,1,1
Dependency-Check Build-Reporting/dependency-check-core,org.owasp.dependencycheck.dependency,Dependency.new Dependency.HashingFunction() {...},3,3,0,0,1,1,1,1,1,1
Dependency-Check Build-Reporting/dependency-check-core,org.owasp.dependencycheck.dependency,Dependency.new Dependency.HashingFunction() {...},3,3,0,0,1,1,1,1,1,1
Dependency-Check Build-Reporting/dependency-check-core,org.owasp.dependencycheck.dependency,Dependency,166,700,25,39,37,158,31,65,6,58
Dependency-Check Build-Reporting/dependency-check-core,org.owasp.dependencycheck.dependency,Vulnerability.Source,9,39,0,0,0,4,2,2,2,2
Dependency-Check Build-Reporting/dependency-check-core,org.owasp.dependencycheck.dependency,VulnerableSoftware,95,408,16,64,25,89,20,43,6,17
Dependency-Check Build-Reporting/dependency-check-core,org.owasp.dependencycheck.dependency,Identifier,35,110,3,3,15,22,9,13,6,13
Dependency-Check Build-Reporting/dependency-check-core,org.owasp.dependencycheck.dependency,Confidence,0,58,0,0,0,5,0,4,0,4
Dependency-Check Build-Reporting/dependency-check-core,org.owasp.dependencycheck.data.composer,ComposerDependency,118,0,28,0,22,0,20,0,6,0
Dependency-Check Build-Reporting/dependency-check-core,org.owasp.dependencycheck.data.composer,ComposerException,12,0,0,0,6,0,3,0,3,0
Dependency-Check Build-Reporting/dependency-check-core,org.owasp.dependencycheck.data.composer,ComposerLockParser,170,0,14,0,38,0,11,0,4,0
Dependency-Check Build-Reporting/dependency-check-core,org.owasp.dependencycheck.data.lucene,AbstractTokenizingFilter,0,51,0,4,0,15,0,7,0,5
Dependency-Check Build-Reporting/dependency-check-core,org.owasp.dependencycheck.data.lucene,LuceneUtils,24,27,4,6,9,7,5,3,2,1
Dependency-Check Build-Reporting/dependency-check-core,org.owasp.dependencycheck.data.lucene,SearchFieldAnalyzer,0,116,0,0,0,18,0,5,0,5
Dependency-Check Build-Reporting/dependency-check-core,org.owasp.dependencycheck.data.lucene,UrlTokenizingFilter,15,72,1,9,4,17,1,7,0,3
Dependency-Check Build-Reporting/dependency-check-core,org.owasp.dependencycheck.data.lucene,AlphaNumericTokenizer,17,0,4,0,5,0,5,0,3,0
Dependency-Check Build-Reporting/dependency-check-core,org.owasp.dependencycheck.data.lucene,AlphaNumericFilter,66,103,8,12,11,26,7,9,2,4
Dependency-Check Build-Reporting/dependency-check-core,org.owasp.dependencycheck.data.lucene,TokenPairConcatenatingFilter,65,97,7,9,10,27,6,7,2,3
Dependency-Check Build-Reporting/dependency-check-core,org.owasp.dependencycheck.data.lucene,DependencySimilarity,5,0,0,0,2,0,2,0,2,0
Dependency-Check Build-Reporting/dependency-check-core,org.owasp.dependencycheck.reporting,ReportGenerator.Format,0,78,0,0,0,7,0,4,0,4
Dependency-Check Build-Reporting/dependency-check-core,org.owasp.dependencycheck.reporting,EscapeTool,24,278,16,60,11,72,16,34,0,12
Dependency-Check Build-Reporting/dependency-check-core,org.owasp.dependencycheck.reporting,VelocityLoggerRedirect,47,21,10,2,20,10,10,6,1,5
Dependency-Check Build-Reporting/dependency-check-core,org.owasp.dependencycheck.reporting,ReportGenerator,330,562,55,62,37,131,42,34,0,13
Dependency-Check Build-Reporting/dependency-check-core,org.owasp.dependencycheck.reporting,ReportGenerator.new Object() {...},10,65,0,0,0,1,0,1,0,1
Dependency-Check Build-Reporting/dependency-check-core,org.owasp.dependencycheck.data.nexus,MavenArtifact,90,113,1,3,31,15,11,8,10,7
Dependency-Check Build-Reporting/dependency-check-core,org.owasp.dependencycheck.data.nexus,NexusSearch,232,0,19,0,54,0,14,0,4,0
Dependency-Check Build-Reporting/dependency-check-core,org.owasp.dependencycheck.xml.hints,HintHandler.ParentType,5,43,0,0,0,4,1,3,1,3
Dependency-Check Build-Reporting/dependency-check-core,org.owasp.dependencycheck.xml.hints,HintErrorHandler,17,7,0,0,4,2,3,2,3,2
Dependency-Check Build-Reporting/dependency-check-core,org.owasp.dependencycheck.xml.hints,HintRule,26,177,0,0,4,37,2,19,2,19
Dependency-Check Build-Reporting/dependency-check-core,org.owasp.dependencycheck.xml.hints,HintHandler.new Object() {...},3,23,0,0,0,1,0,1,0,1
Dependency-Check Build-Reporting/dependency-check-core,org.owasp.dependencycheck.xml.hints,HintParseException,16,0,0,0,8,0,4,0,4,0
Dependency-Check Build-Reporting/dependency-check-core,org.owasp.dependencycheck.xml.hints,EvidenceMatcher,47,84,2,16,6,14,8,12,6,5
Dependency-Check Build-Reporting/dependency-check-core,org.owasp.dependencycheck.xml.hints,VendorDuplicatingHintRule,8,15,0,0,4,6,2,3,2,3
Dependency-Check Build-Reporting/dependency-check-core,org.owasp.dependencycheck.xml.hints,HintParser,216,113,34,8,17,22,22,5,1,5
Dependency-Check Build-Reporting/dependency-check-core,org.owasp.dependencycheck.xml.hints,HintHandler,24,321,25,51,8,65,25,29,0,5
Dependency-Check Build-Reporting/dependency-check-core,org.owasp.dependencycheck.data.cwe,CweHandler,41,0,4,0,8,0,5,0,3,0
Dependency-Check Build-Reporting/dependency-check-core,org.owasp.dependencycheck.data.cwe,App,253,0,24,0,37,0,16,0,4,0
Dependency-Check Build-Reporting/dependency-check-core,org.owasp.dependencycheck.data.cwe,CweDB,84,45,13,5,10,9,10,3,1,3
Dependency-Check Build-Reporting/dependency-check-core,org.owasp.dependencycheck.data.update.cpe,CPEHandler,136,0,16,0,32,0,14,0,6,0
Dependency-Check Build-Reporting/dependency-check-core,org.owasp.dependencycheck.data.update.cpe,Cpe,77,0,2,0,19,0,9,0,8,0
Dependency-Check Build-Reporting/dependency-check-core,org.owasp.dependencycheck.data.update.cpe,CPEHandler.Element,73,0,0,0,17,0,15,0,15,0
Dependency-Check Build-Reporting/dependency-check-core,org.owasp.dependencycheck.data.update,EngineVersionCheck,97,212,26,16,25,52,23,6,3,5
Dependency-Check Build-Reporting/dependency-check-core,org.owasp.dependencycheck.data.update,RetireJSDataSource,115,219,22,16,15,45,19,6,1,5
Dependency-Check Build-Reporting/dependency-check-core,org.owasp.dependencycheck.data.update,NvdCveUpdater,293,590,40,50,67,136,29,29,0,13
Dependency-Check Build-Reporting/dependency-check-core,org.owasp.dependencycheck.data.update,NvdCveUpdater.TimestampRetriever,7,35,0,0,0,8,0,2,0,2
Dependency-Check Build-Reporting/dependency-check-core,org.owasp.dependencycheck.data.update,UpdateService,0,12,0,0,0,4,0,2,0,2
Dependency-Check Build-Reporting/dependency-check-core,org.owasp.dependencycheck.xml,XmlEntity,7,1547,2,2,4,260,3,2,1,2
Dependency-Check Build-Reporting/dependency-check-core,org.owasp.dependencycheck.xml,XmlInputStream,107,246,17,31,15,52,15,21,2,10
Dependency-Check Build-Reporting/dependency-check-core,org.owasp.dependencycheck.analyzer.exception,SearchException,16,0,0,0,8,0,4,0,4,0
Dependency-Check Build-Reporting/dependency-check-core,org.owasp.dependencycheck.analyzer.exception,AnalysisException,11,5,0,0,6,2,3,1,3,1
Dependency-Check Build-Reporting/dependency-check-core,org.owasp.dependencycheck.analyzer.exception,ArchiveExtractionException,12,4,0,0,6,2,3,1,3,1
Dependency-Check Build-Reporting/dependency-check-ant,org.owasp.dependencycheck.ant.logging,AntLoggerAdapter,209,121,37,13,63,37,42,15,21,11
Dependency-Check Build-Reporting/dependency-check-ant,org.owasp.dependencycheck.ant.logging,AntLoggerFactory,0,12,0,0,0,4,0,2,0,2
Dependency-Check Build-Reporting/dependency-check-ant,org.slf4j.impl,StaticLoggerBinder,2,38,0,0,1,12,1,5,1,5
Dependency-Check Build-Reporting/dependency-check-ant,org.owasp.dependencycheck.taskdefs,Update,219,96,15,1,64,20,39,2,31,2
Dependency-Check Build-Reporting/dependency-check-ant,org.owasp.dependencycheck.taskdefs,Check.ReportFormats,0,35,0,2,0,7,0,3,0,2
Dependency-Check Build-Reporting/dependency-check-ant,org.owasp.dependencycheck.taskdefs,RetirejsFilter,0,10,0,0,0,4,0,3,0,3
Dependency-Check Build-Reporting/dependency-check-ant,org.owasp.dependencycheck.taskdefs,Purge,167,73,19,3,33,18,16,3,5,3
Dependency-Check Build-Reporting/dependency-check-ant,org.owasp.dependencycheck.taskdefs,Check,451,713,31,47,155,154,110,36,85,22
Dependency-Check Build-Reporting/dependency-check-ant,org.owasp.dependencycheck.taskdefs,SuppressionFile,0,10,0,0,0,4,0,3,0,3
Dependency-Check Build-Reporting/dependency-check-cli,org.owasp.dependencycheck,CliParser.ARGUMENT,3,0,0,0,1,0,1,0,1,0
Dependency-Check Build-Reporting/dependency-check-cli,org.owasp.dependencycheck,App,1431,0,142,0,321,0,85,0,14,0
Dependency-Check Build-Reporting/dependency-check-cli,org.owasp.dependencycheck,CliParser,1776,0,158,0,267,0,158,0,79,0
Dependency-Check Build-Reporting/dependency-check-maven,org.owasp.dependencycheck.maven,UpdateMojo,119,0,16,0,26,0,14,0,6,0
Dependency-Check Build-Reporting/dependency-check-maven,org.owasp.dependencycheck.maven,CheckMojo,45,0,4,0,13,0,7,0,5,0
Dependency-Check Build-Reporting/dependency-check-maven,org.owasp.dependencycheck.maven,Retirejs,9,0,0,0,3,0,3,0,3,0
Dependency-Check Build-Reporting/dependency-check-maven,org.owasp.dependencycheck.maven,PurgeMojo,127,0,16,0,33,0,14,0,6,0
Dependency-Check Build-Reporting/dependency-check-maven,org.owasp.dependencycheck.maven,BaseDependencyCheckMojo,2646,0,272,0,501,0,176,0,40,0
Dependency-Check Build-Reporting/dependency-check-maven,org.owasp.dependencycheck.maven,ArtifactScopeExcluded,65,0,22,0,17,0,13,0,2,0
Dependency-Check Build-Reporting/dependency-check-maven,org.owasp.dependencycheck.maven,HelpMojo,909,0,112,0,158,0,72,0,16,0
Dependency-Check Build-Reporting/dependency-check-maven,org.owasp.dependencycheck.maven,AggregateMojo,393,0,68,0,71,0,41,0,7,0
Dependency-Check Build-Reporting/dependency-check-maven,org.owasp.dependencycheck.maven,ArtifactTypeExcluded,22,0,6,0,4,0,5,0,2,0
